tipo,paso,n_variables,variables,RF_ACC,RF_BAL,LOG_ACC,LOG_BAL,RF_TIME,LOG_TIME
INDIVIDUAL,1,1,median,0.4965,0.16447369516388413,0.127875,0.250441229725113,3.3817577362060547,0.09280657768249512
INDIVIDUAL,1,1,standard_deviation,0.531875,0.2597682443819601,0.214625,0.38449262007102797,3.247703790664673,0.2222003936767578
INDIVIDUAL,1,1,median_absolute_deviation,0.582125,0.32026295765744844,0.34275,0.44891952887481856,3.4895336627960205,0.17389345169067383
INDIVIDUAL,1,1,amplitude,0.528375,0.2520896763233513,0.125125,0.3919771046889444,3.245102643966675,0.14185357093811035
INDIVIDUAL,1,1,percent_amplitude,0.535125,0.25631256411063236,0.1385,0.3958261987447208,3.2218360900878906,0.15175962448120117
INDIVIDUAL,1,1,inter_percentile_range_25,0.538,0.2816265558445184,0.195125,0.39772060059122527,3.2669355869293213,0.19272208213806152
INDIVIDUAL,1,1,skew,0.673875,0.333220748889501,0.4895,0.3854164417023695,2.923739433288574,0.16110754013061523
INDIVIDUAL,1,1,kurtosis,0.618625,0.273647059126173,0.21225,0.25897009370626106,3.254924774169922,0.21791863441467285
INDIVIDUAL,1,1,stetson_K,0.625625,0.28192774487042144,0.204125,0.3580529457193831,2.963167667388916,0.12890887260437012
INDIVIDUAL,1,1,eta,0.506125,0.2566197414074443,0.09775,0.318534868095231,3.596468925476074,0.12481284141540527
INDIVIDUAL,1,1,chi2,0.175125,0.16809900792117152,0.05375,0.16042329294880767,1.9594407081604004,0.1036674976348877
INDIVIDUAL,1,1,maximum_slope,0.488625,0.16216415439011592,0.120375,0.2091993013796061,3.534423351287842,0.1282951831817627
FORWARD,1,1,median_absolute_deviation,0.582125,0.32026295765744844,0.34275,0.44891952887481856,2.8307507038116455,0.17490482330322266
FORWARD,2,2,median_absolute_deviation|skew,0.829625,0.5432840234764094,0.5605,0.6136459107222796,2.9884650707244873,0.36547064781188965
FORWARD,3,3,median_absolute_deviation|skew|percent_amplitude,0.846625,0.5644964768209348,0.622875,0.6582816969037311,2.8055615425109863,0.351881742477417
FORWARD,4,4,median_absolute_deviation|skew|percent_amplitude|amplitude,0.852625,0.5793278612593786,0.582625,0.6830368699212978,4.429820537567139,0.5831091403961182
FORWARD,5,5,median_absolute_deviation|skew|percent_amplitude|amplitude|eta,0.858875,0.6129565961932775,0.59425,0.7100374257020527,6.03893518447876,0.6769108772277832
FORWARD,6,6,median_absolute_deviation|skew|percent_amplitude|amplitude|eta|kurtosis,0.864875,0.6330221224086106,0.658375,0.7206457503825344,4.55710244178772,0.794130802154541
FORWARD,7,7,median_absolute_deviation|skew|percent_amplitude|amplitude|eta|kurtosis|stetson_K,0.866125,0.636943692530335,0.686625,0.7316154291579962,4.5831992626190186,0.7103700637817383
FORWARD,8,8,median_absolute_deviation|skew|percent_amplitude|amplitude|eta|kurtosis|stetson_K|median,0.86775,0.6429675019840219,0.68,0.7350335409034147,4.356277942657471,0.8278794288635254
FORWARD,9,9,median_absolute_deviation|skew|percent_amplitude|amplitude|eta|kurtosis|stetson_K|median|maximum_slope,0.866625,0.6470770937084015,0.685875,0.7371751425145014,5.31015944480896,0.8198702335357666
FORWARD,10,10,median_absolute_deviation|skew|percent_amplitude|amplitude|eta|kurtosis|stetson_K|median|maximum_slope|standard_deviation,0.868,0.6449943067843024,0.671,0.7373657069382537,5.251109838485718,0.9576740264892578
FORWARD,11,11,median_absolute_deviation|skew|percent_amplitude|amplitude|eta|kurtosis|stetson_K|median|maximum_slope|standard_deviation|chi2,0.86975,0.6425008986546646,0.6725,0.7421650912998687,5.553056716918945,1.1772983074188232
FORWARD,12,12,median_absolute_deviation|skew|percent_amplitude|amplitude|eta|kurtosis|stetson_K|median|maximum_slope|standard_deviation|chi2|inter_percentile_range_25,0.86925,0.6413094910178774,0.671875,0.7377720363821177,5.918171167373657,1.3275587558746338
BACKWARD,1,11,median|standard_deviation|median_absolute_deviation|amplitude|percent_amplitude|skew|kurtosis|stetson_K|eta|chi2|maximum_slope,0.867875,0.637621376745488,0.6725,0.7421650912998687,5.451976299285889,1.2559356689453125
BACKWARD,2,10,median|standard_deviation|median_absolute_deviation|amplitude|percent_amplitude|skew|kurtosis|stetson_K|eta|maximum_slope,0.86825,0.6475145041965209,0.671,0.7373657069382537,6.068929433822632,0.9446840286254883
BACKWARD,3,9,median|median_absolute_deviation|amplitude|percent_amplitude|skew|kurtosis|stetson_K|eta|maximum_slope,0.8645,0.6428387398088732,0.685875,0.7371751425145014,5.523063659667969,0.8134047985076904
BACKWARD,4,8,median|median_absolute_deviation|amplitude|percent_amplitude|skew|kurtosis|stetson_K|eta,0.86675,0.6461664001345586,0.68,0.7350335409034147,3.53700852394104,0.5128741264343262
BACKWARD,5,7,median|median_absolute_deviation|percent_amplitude|skew|kurtosis|stetson_K|eta,0.86775,0.6448722419358557,0.679875,0.7352151885946121,3.870327949523926,0.31316375732421875
BACKWARD,6,6,median|median_absolute_deviation|percent_amplitude|skew|stetson_K|eta,0.86475,0.6391128145418801,0.661875,0.7220365279974778,3.591552734375,0.27437424659729004
BACKWARD,7,5,median|median_absolute_deviation|skew|stetson_K|eta,0.858625,0.6288475783747641,0.656375,0.7105138786411384,3.6335861682891846,0.23425793647766113
BACKWARD,8,4,median|median_absolute_deviation|skew|stetson_K,0.849125,0.5834951427093411,0.645125,0.6942798198639579,3.6459009647369385,0.2093052864074707
BACKWARD,9,3,median_absolute_deviation|skew|stetson_K,0.845125,0.5617119413405811,0.675875,0.6570875019964515,2.4448494911193848,0.21516990661621094
BACKWARD,10,2,median_absolute_deviation|skew,0.829625,0.5432840234764094,0.5605,0.6136459107222796,2.4908599853515625,0.20445775985717773
BACKWARD,11,1,median_absolute_deviation,0.582125,0.32026295765744844,0.34275,0.44891952887481856,3.0620100498199463,0.265674352645874
RANDOM_LABELS,1,12,median|standard_deviation|median_absolute_deviation|amplitude|percent_amplitude|inter_percentile_range_25|skew|kurtosis|stetson_K|eta|chi2|maximum_slope,0.67525,0.1430032637771669,0.089375,0.1525178288448705,6.559147119522095,0.47256994247436523
